<?xml version="1.0" encoding="UTF-8"?>
<beans xmlns="http://www.springframework.org/schema/beans"
       xmlns:xsi="http://www.w3.org/2001/XMLSchema-instance"
       xmlns:context="http://www.springframework.org/schema/context"
       xmlns:p="http://www.springframework.org/schema/p"
       xsi:schemaLocation="http://www.springframework.org/schema/beans 
           http://www.springframework.org/schema/beans/spring-beans.xsd
           http://www.springframework.org/schema/context 
           http://www.springframework.org/schema/context/spring-context.xsd">

	<context:component-scan base-package="com.library"/>
	
	<bean id="bookRepository" class="com.library.dao.BookRepository" />
	<bean id="bookService" class="com.library.service.BookService">
		<property name="bookRepository" ref="bookRepository" />
	</bean>

	<!-- <aop:config>
		<aop:aspect ref="logginAspect">
			<aop:pointcut id="serviceMethods"
				expression="execution(* com.library.service.*.*(..))" />
			<aop:around method="logExecutionTime"
				pointcut-ref="serviceMethods" />
		</aop:aspect>
	</aop:config>

	<bean id="logginAspect" class="com.library.aspect.LogginAspect" /> -->

</beans>
